product,avg_demand,safety_stock,reorder_point
Milk,37.46975342465754,14.331163110969113,276.6194370835719
Bread,50.477972602739726,14.47471090672307,367.82051912590117
Rice,37.79430136986301,14.373445910796569,278.93355549983767
Eggs,45.89024657534246,14.320320703529454,335.55204673092663
