product,avg_demand,safety_stock,reorder_point
Milk,37.44980821917808,14.331163110969113,276.4798206452157
Bread,50.45580821917808,14.47471090672307,367.66536844096964
Rice,37.843972602739726,14.373445910796569,279.2812541299747
Eggs,45.857342465753426,14.320320703529454,335.3217179638034
